route_id,agency_id,route_short_name,route_long_name,route_url
9__1__013_,CRTM,1,L1 CIRCULAR (FFCC-Moreras-FFCC),https://www.crtm.es/9__1__013_.aspx
9__2__013_,CRTM,2,L2 CIRCULAR (FFCC-Residencia-FFCC),https://www.crtm.es/9__2__013_.aspx
9__3__013_,CRTM,3,L3 CIRCULAR (FFCC-Glorieta de la Música-FFCC),https://www.crtm.es/9__3__013_.aspx
9__4__013_,CRTM,4,EST. ARANJUEZ - HOSPITAL - PAU DE LA MONTAÑA,https://www.crtm.es/9__4__013_.aspx
9__5__013_,CRTM,5,L5 CIRCULAR (FFCC-La Montaña-FFCC),https://www.crtm.es/9__5__013_.aspx
8__421___,CRTM,421,MADRID (Legazpi)-PINTO,https://www.crtm.es/8__421___.aspx
8__422___,CRTM,422,MADRID (Legazpi)-VALDEMORO,https://www.crtm.es/8__422___.aspx
8__423___,CRTM,423,MADRID (Estación Sur)-ARANJUEZ,https://www.crtm.es/8__423___.aspx
8__424___,CRTM,424,MADRID (Legazpi)-VALDEMORO (El Restón),https://www.crtm.es/8__424___.aspx
8__425___,CRTM,425,VALDEMORO (Hospital)-CIEMPOZUELOS,https://www.crtm.es/8__425___.aspx
8__426___,CRTM,426,MADRID (Legazpi)-CIEMPOZUELOS,https://www.crtm.es/8__426___.aspx
8__427___,CRTM,427,MADRID (Villaverde Bajo-Cruce)-ÁREA EMPRESARIAL ANDALUCIA-PINTO,https://www.crtm.es/8__427___.aspx
8__428___,CRTM,428,GETAFE-VALDEMORO,https://www.crtm.es/8__428___.aspx
8__429___,CRTM,429,MADRID (Legazpi)-ARANJUEZ (PAU de la Montaña),https://www.crtm.es/8__429___.aspx
8__430___,CRTM,430,ARANJUEZ-VILLAREJO DE SALVANES,https://www.crtm.es/8__430___.aspx
8_N_401___,CRTM,N401,MADRID (Atocha)-PINTO-VALDEMORO,https://www.crtm.es/8_N_401___.aspx
8_N_402___,CRTM,N402,MADRID (Atocha)-CIEMPOZUELOS-ARANJUEZ,https://www.crtm.es/8_N_402___.aspx
9__1__161_,CRTM,1,CIRCULAR (FFCC-Ambulatorio-FFCC),https://www.crtm.es/9__1__161_.aspx
9__1__040_,CRTM,1,CIRCULAR DE CIEMPOZUELOS,https://www.crtm.es/9__1__040_.aspx
9__2__161_,CRTM,2,ESTACIÓN FFCC-EL RESTÓN,https://www.crtm.es/9__2__161_.aspx
9__3__161_,CRTM,3,CIRCULAR (El Restón-Avenida Andalucía-El Restón),https://www.crtm.es/9__3__161_.aspx
9__4__161_,CRTM,4,ESTACIÓN FFCC-POLÍGONOS NORTE,https://www.crtm.es/9__4__161_.aspx
9__5__161_,CRTM,5,ESTACIÓN FFCC-P.I. ROMPECUBAS,https://www.crtm.es/9__5__161_.aspx
9__6__161_,CRTM,6,ESTACIÓN FFCC-EL CARACOL-EL RESTÓN II,https://www.crtm.es/9__6__161_.aspx
9__7__161_,CRTM,7,ESTACIÓN FFCC-HOSPITAL-EL RESTÓN,https://www.crtm.es/9__7__161_.aspx
9__1_A_113_,CRTM,1A,CIRCULAR PINTO,https://www.crtm.es/9__1_A_113_.aspx
9__1_B_113_,CRTM,1B,CIRCULAR PINTO,https://www.crtm.es/9__1_B_113_.aspx
9__SE__161_,CRTM,SE,SE URBANA VALDEMORO,https://www.crtm.es/9__SE__161_.aspx
8__260___,CRTM,260,ALCALÁ DE HENARES-AMBITE-ORUSCO,https://www.crtm.es/8__260___.aspx
8__261___,CRTM,261,MADRID (Avenida de América) - NUEVO BAZTÁN-VILLAR DEL OLMO,https://www.crtm.es/8__261___.aspx
8__312___,CRTM,312,MADRID (Pavones)-ARGANDA (El Mirador),https://www.crtm.es/8__312___.aspx
8__312_A__,CRTM,312A,MADRID (Pavones)-ARGANDA (El Mirador) por La Poveda,https://www.crtm.es/8__312_A__.aspx
8__313___,CRTM,313,MADRID (Pavones)-VALDILECHA,https://www.crtm.es/8__313___.aspx
8__320___,CRTM,320,ARGANDA DEL REY-ALCALÁ DE HENARES,https://www.crtm.es/8__320___.aspx
8__321___,CRTM,321,ARGANDA (Hospital)-VILLAR DEL OLMO,https://www.crtm.es/8__321___.aspx
8__322___,CRTM,322,ARGANDA DEL REY (Hospital)-AMBITE,https://www.crtm.es/8__322___.aspx
8__326___,CRTM,326,MADRID (Pavones)-MONDEJAR-DRIEBES,https://www.crtm.es/8__326___.aspx
8_N_303___,CRTM,N303,MADRID (Atocha)-ARGANDA DEL REY,https://www.crtm.es/8_N_303___.aspx
9__1__014_,CRTM,1,RESIDENCIA-LA POVEDA,https://www.crtm.es/9__1__014_.aspx
9__2__014_,CRTM,2,LA POVEDA-SIETE VIENTOS-HOSPITAL,https://www.crtm.es/9__2__014_.aspx
9__4__014_,CRTM,4,CIRCULAR ARGANDA,https://www.crtm.es/9__4__014_.aspx
8__171___,CRTM,171,MADRID (Plaza de Castilla)-URB. SANTO DOMINGO,https://www.crtm.es/8__171___.aspx
9__8__134_,CRTM,8,CIRCULAR CIUDALCAMPO,https://www.crtm.es/9__8__134_.aspx
8__640___,CRTM,640,SAN LORENZO DE EL ESCORIAL-ROBLEDO CHAVELA-VALDEMAQUEDA,https://www.crtm.es/8__640___.aspx
8__640_A__,CRTM,640A,ROBLEDO DE CHAVELA FFCC-ROBLEDO DE CHAVELA,https://www.crtm.es/8__640_A__.aspx
8__645___,CRTM,645,MADRID (Moncloa)-ROBLEDO DE CHAVELA-CEBREROS,https://www.crtm.es/8__645___.aspx
8__660___,CRTM,660,SAN LORENZO DE EL ESCORIAL-GUADARRAMA-VILLALBA,https://www.crtm.es/8__660___.aspx
8__661___,CRTM,661,MADRID (Moncloa)-SAN LORENZO DE EL ESCORIAL (Por Galapagar),https://www.crtm.es/8__661___.aspx
8__661_A__,CRTM,661A,MADRID (Moncloa)-LAS ZORRERAS (Por Galapagar),https://www.crtm.es/8__661_A__.aspx
8__662___,CRTM,662,MADRID (Moncloa)-URB. MOLINO DE LA HOZ,https://www.crtm.es/8__662___.aspx
8__664___,CRTM,664,MADRID (Moncloa)-SAN LORENZO DE EL ESCORIAL (Guadarrama),https://www.crtm.es/8__664___.aspx
8__665___,CRTM,665,SAN LORENZO DE EL ESCORIAL-PEGUERINOS,https://www.crtm.es/8__665___.aspx
8__666___,CRTM,666,SAN LORENZO DE EL ESCORIAL-ZARZALEJO-LAS NAVAS DEL MARQUÉS,https://www.crtm.es/8__666___.aspx
8__667___,CRTM,667,MAJADAHONDA (Hospital)-SAN LORENZO DE EL ESCORIAL (Por Galapagar),https://www.crtm.es/8__667___.aspx
8__669___,CRTM,669,SAN LORENZO DE EL ESCORIAL-VILLANUEVA DE LA CAÑADA,https://www.crtm.es/8__669___.aspx
8__669_A__,CRTM,669A,S. L. DE EL ESCORIAL - FRESNEDILLAS - NAVALAGAMELLA,https://www.crtm.es/8__669_A__.aspx
8_N_604___,CRTM,N604,MADRID (Moncloa)-EL ESCORIAL-SAN LORENZO DE EL ESCORIAL,https://www.crtm.es/8_N_604___.aspx
9__1__131_,CRTM,1,S. L. DE EL ESCORIAL-FFCC-S. L. DE EL ESCORIAL,https://www.crtm.es/9__1__131_.aspx
9__2__131_,CRTM,2,EL ESCORIAL-SAN LORENZO DE EL ESCORIAL-HOSPITAL-LA PIZARRA,https://www.crtm.es/9__2__131_.aspx
9__3__054_,CRTM,3,EL ESCORIAL-LAS ZORRERAS,https://www.crtm.es/9__3__054_.aspx
9__4__131_,CRTM,4,CIRCULAR SAN LORENZO DE EL ESCORIAL,https://www.crtm.es/9__4__131_.aspx
8__191___,CRTM,191,MADRID (Plaza de Castilla)-BUITRAGO,https://www.crtm.es/8__191___.aspx
8__191_A__,CRTM,191A,BUITRAGO-BRAOJOS,https://www.crtm.es/8__191_A__.aspx
8__191_B__,CRTM,191B,BUITRAGO-SOMOSIERRA,https://www.crtm.es/8__191_B__.aspx
8__191_C__,CRTM,191C,BUITRAGO-MONTEJO DE LA SIERRA,https://www.crtm.es/8__191_C__.aspx
8__191_D__,CRTM,191D,BUITRAGO-ROBLEDILLO DE LA JARA,https://www.crtm.es/8__191_D__.aspx
8__191_E__,CRTM,191E,BUITRAGO-CERVERA DE BUITRAGO,https://www.crtm.es/8__191_E__.aspx
8__193___,CRTM,193,MADRID (Plaza de Castilla)-PEDREZUELA-EL VELLÓN,https://www.crtm.es/8__193___.aspx
8__193_A__,CRTM,193A,EL MOLAR-COTOS DE MONTERREY-VENTURADA,https://www.crtm.es/8__193_A__.aspx
8__194___,CRTM,194,MADRID (Plaza de Castilla)-RASCAFRÍA,https://www.crtm.es/8__194___.aspx
8__194_A__,CRTM,194A,BUITRAGO-LOZOYUELA-RASCAFRÍA,https://www.crtm.es/8__194_A__.aspx
8__195___,CRTM,195,MADRID (Plaza de Castilla)-BRAOJOS,https://www.crtm.es/8__195___.aspx
8__195_A__,CRTM,195A,CIRCULAR BUITRAGO-GARGANTILLA (Por Lozoyuela),https://www.crtm.es/8__195_A__.aspx
8__195_B__,CRTM,195B,CIRCULAR BUITRAGO-GARGANTILLA,https://www.crtm.es/8__195_B__.aspx
8__196___,CRTM,196,MADRID (Plaza de Castilla)-LA ACEBEDA,https://www.crtm.es/8__196___.aspx
8__197___,CRTM,197,MADRID (Plaza de Castilla)-TORRELAGUNA/UCEDA,https://www.crtm.es/8__197___.aspx
8__197_A__,CRTM,197A,TORRELAGUNA-PATONES-UCEDA,https://www.crtm.es/8__197_A__.aspx
8__197_B__,CRTM,197B,TORRELAGUNA-EL BERRUECO-LA CABRERA-VALDEMANCO,https://www.crtm.es/8__197_B__.aspx
8__197_C__,CRTM,197C,TORRELAGUNA-VENTURADA/CABANILLAS,https://www.crtm.es/8__197_C__.aspx
8__197_D__,CRTM,197D,TORRELAGUNA-EL VELLÓN-EL MOLAR,https://www.crtm.es/8__197_D__.aspx
8__197_E__,CRTM,197E,TORRELAGUNA-VALDEPIÉLAGOS-TALAMANCA,https://www.crtm.es/8__197_E__.aspx
8__199_A__,CRTM,199A,BUITRAGO - MONTEJO - MANJIRÓN - BUITRAGO,https://www.crtm.es/8__199_A__.aspx
8__210___,CRTM,210,S. S. DE LOS REYES (Hospital)-PARACUELLOS DE JARAMA,https://www.crtm.es/8__210___.aspx
8__211___,CRTM,211,MADRID (Canillejas) - PARACUELLOS,https://www.crtm.es/8__211___.aspx
8__212___,CRTM,212,MADRID (Canillejas) - PARACUELLOS (Miramadrid),https://www.crtm.es/8__212___.aspx
8__213___,CRTM,213,MADRID (Canillejas) - BELVIS,https://www.crtm.es/8__213___.aspx
8__215___,CRTM,215,TORREJÓN DE ARDOZ - PARACUELLOS DE JARAMA,https://www.crtm.es/8__215___.aspx
8__220___,CRTM,220,TORREJÓN DE ARDOZ-SAN FERNANDO DE HENARES,https://www.crtm.es/8__220___.aspx
8__222___,CRTM,222,MADRID (Avenida América)-MECO,https://www.crtm.es/8__222___.aspx
8__223___,CRTM,223,MADRID (Avenida América)-ALCALÁ DE HENARES,https://www.crtm.es/8__223___.aspx
8__224___,CRTM,224,MADRID (Avenida América)-TORREJÓN DE ARDOZ,https://www.crtm.es/8__224___.aspx
8__224_A__,CRTM,224A,MADRID (Avenida América)-TORREJÓN DE ARDOZ (La Mancha Amarilla),https://www.crtm.es/8__224_A__.aspx
8__226___,CRTM,226,MADRID (Avenida América)-TORREJÓN DE ARDOZ (El Soto),https://www.crtm.es/8__226___.aspx
8__227___,CRTM,227,MADRID (Avenida América)-ALCALÁ (Espartales-Universidad),https://www.crtm.es/8__227___.aspx
8__229___,CRTM,229,MADRID (Avenida América)-ALCALÁ (Virgen del Val),https://www.crtm.es/8__229___.aspx
8__231___,CRTM,231,ALCALÁ DE HENARES-URB. ZULEMA-EL VISO,https://www.crtm.es/8__231___.aspx
8__232___,CRTM,232,ALCALÁ DE HENARES-TORRES DE LA ALAMEDA,https://www.crtm.es/8__232___.aspx
8__250___,CRTM,250,ALCALÁ DE HENARES-MECO,https://www.crtm.es/8__250___.aspx
8__251___,CRTM,251,TORREJÓN-VALDEAVERO-ALCALÁ,https://www.crtm.es/8__251___.aspx
8__252___,CRTM,252,TORREJÓN-DAGANZO-ALCALÁ,https://www.crtm.es/8__252___.aspx
8__254___,CRTM,254,VALDEOLMOS/FUENTE EL SAZ-ALCALÁ DE HENARES,https://www.crtm.es/8__254___.aspx
8__255___,CRTM,255,VALDEAVERO-CAMARMA DE ESTERUELAS-ALCALÁ DE HENARES,https://www.crtm.es/8__255___.aspx
8__256___,CRTM,256,MADRID (Canillejas)-DAGANZO-VALDEAVERO,https://www.crtm.es/8__256___.aspx
8__819___,CRTM,819,RASCAFRÍA - COTOS,https://www.crtm.es/8__819___.aspx
8__824___,CRTM,824,MADRID (Aeropuerto) - TORREJÓN DE ARDOZ - ALCALÁ DE HENARES,https://www.crtm.es/8__824___.aspx
8__913___,CRTM,913,TORRELAGUNA-EL ATAZAR,https://www.crtm.es/8__913___.aspx
8__FS2___,CRTM,FS2,TORRELAGUNA - ALCALÁ DE HENARES,https://www.crtm.es/8__FS2___.aspx
8_N_104___,CRTM,N104,MADRID (Plaza de Castilla)- EL MOLAR,https://www.crtm.es/8_N_104___.aspx
8_N_202___,CRTM,N202,MADRID (Avenida de América) - TORREJÓN - ALCALÁ - MECO,https://www.crtm.es/8_N_202___.aspx
8_N_204___,CRTM,N204,MADRID (Canillejas) - PARACUELLOS - DAGANZO,https://www.crtm.es/8_N_204___.aspx
9__1__108_,CRTM,1,PEDREZUELA-URBANIZACIONES,https://www.crtm.es/9__1__108_.aspx
9__1__104_,CRTM,1,URB. ALTOS DE JARAMA - MIRAMADRID,https://www.crtm.es/9__1__104_.aspx
9__2__148_,CRTM,2,FRONTERAS-BARRIO CASTILLO-FRESNO,https://www.crtm.es/9__2__148_.aspx
9__2__104_,CRTM,2,PICÓN DEL CURA - URB. LOS BERROCALES,https://www.crtm.es/9__2__104_.aspx
9__3__148_,CRTM,3,LOS FRESNOS - PLAZA DE ESPAÑA - LOS ALMENDROS,https://www.crtm.es/9__3__148_.aspx
9__4__148_,CRTM,4,TORREJÓN-PARQUE CORREDOR,https://www.crtm.es/9__4__148_.aspx
9__6__148_,CRTM,6,PLAZA DE ESPAÑA - OASIZ,https://www.crtm.es/9__6__148_.aspx
9__1_A_148_,CRTM,1A,CIRCULAR TORREJÓN,https://www.crtm.es/9__1_A_148_.aspx
9__1_B_148_,CRTM,1B,CIRCULAR TORREJÓN,https://www.crtm.es/9__1_B_148_.aspx
9__5_A_148_,CRTM,5A,CIRCULAR PARQUE EUROPA,https://www.crtm.es/9__5_A_148_.aspx
9__5_B_148_,CRTM,5B,CIRCULAR PARQUE EUROPA,https://www.crtm.es/9__5_B_148_.aspx
8__712___,CRTM,712,MADRID (Plaza de Castilla) - TRES CANTOS (Por Avenida de Encuartes),https://www.crtm.es/8__712___.aspx
8__713___,CRTM,713,MADRID (Plaza de Castilla)-TRES CANTOS (Por Avenida del Parque),https://www.crtm.es/8__713___.aspx
8__714___,CRTM,714,MADRID (Plaza de Castilla)-UNIV.AUTÓNOMA-UNIV.COMILLAS,https://www.crtm.es/8__714___.aspx
8__716___,CRTM,716,MADRID (Plaza de Castilla)-TRES CANTOS (Soto de Viñuelas),https://www.crtm.es/8__716___.aspx
8__717___,CRTM,717,MADRID (Plaza de Castilla)-NUEVO TRES CANTOS,https://www.crtm.es/8__717___.aspx
8_N_701___,CRTM,N701,MADRID (Plaza de Castilla)-TRES CANTOS,https://www.crtm.es/8_N_701___.aspx
9__1__903_,CRTM,1,FFCC-AVENIDA VIÑUELAS-AVENIDA COLMENAR-FFCC,https://www.crtm.es/9__1__903_.aspx
9__2__903_,CRTM,2,FFCC-AVENIDA COLMENAR-AVENIDA VIÑUELAS-FFCC,https://www.crtm.es/9__2__903_.aspx
9__3__903_,CRTM,3,SOTO DE VIÑUELAS-TRES CANTOS FFCC-SOTO DE VIÑUELAS,https://www.crtm.es/9__3__903_.aspx
9__4__903_,CRTM,4,NUEVO TRES CANTOS - TRES CANTOS FF.CC.,https://www.crtm.es/9__4__903_.aspx
9__5__903_,CRTM,5,NUEVO TRES CANTOS - AV. VIÑUELAS,https://www.crtm.es/9__5__903_.aspx
8__280___,CRTM,280,COSLADA (FFCC)-HOSPITAL-LOECHES,https://www.crtm.es/8__280___.aspx
8__281___,CRTM,281,MADRID (Avenida de América)-SAN FERNANDO DE HENARES,https://www.crtm.es/8__281___.aspx
8__282___,CRTM,282,MADRID (Avenida América)-SAN FERNANDO-MEJORADA,https://www.crtm.es/8__282___.aspx
8__283___,CRTM,283,MADRID (Avenida América)-COSLADA-SAN FERNANDO,https://www.crtm.es/8__283___.aspx
8__284___,CRTM,284,MADRID (Avenida de América)-VELILLA-LOECHES,https://www.crtm.es/8__284___.aspx
8__285___,CRTM,285,COSLADA (San Fernando FFCC)-VELILLA-ARGANDA DEL REY,https://www.crtm.es/8__285___.aspx
8__286___,CRTM,286,MADRID (Ciudad Lineal)-COSLADA (Ciudad 70),https://www.crtm.es/8__286___.aspx
8__287___,CRTM,287,MADRID (Alsacia)-COSLADA (Barrio Estación),https://www.crtm.es/8__287___.aspx
8__288___,CRTM,288,MADRID (Ciudad Lineal)-COSLADA-SAN FERNANDO,https://www.crtm.es/8__288___.aspx
8__289___,CRTM,289,MADRID (Ciudad Lineal)-COSLADA (Hospital),https://www.crtm.es/8__289___.aspx
8__290___,CRTM,290,MADRID (El Cañaveral) - COSLADA - PLENILUNIO,https://www.crtm.es/8__290___.aspx
8__340___,CRTM,340,TORREJÓN DE ARDOZ-MEJORADA DEL CAMPO,https://www.crtm.es/8__340___.aspx
8__341___,CRTM,341,MADRID (Pavones)-MEJORADA-VELILLA,https://www.crtm.es/8__341___.aspx
8__432___,CRTM,432,MADRID (Villaverde Bajo-Cruce)-LEGANÉS,https://www.crtm.es/8__432___.aspx
8__441___,CRTM,441,MADRID (Plaza Elíptica)-GETAFE (Sector III-Paseo Juan José Rosón),https://www.crtm.es/8__441___.aspx
8__442___,CRTM,442,MADRID (Plaza Elíptica)-GETAFE (Juan de la Cierva),https://www.crtm.es/8__442___.aspx
8__443___,CRTM,443,MADRID (Plaza Elíptica)-GETAFE (Barrio Las Margaritas),https://www.crtm.es/8__443___.aspx
8__444___,CRTM,444,MADRID (Plaza Elíptica)-GETAFE (Sector III-Islas Canarias),https://www.crtm.es/8__444___.aspx
8__446___,CRTM,446,MADRID (Plaza Elíptica)-GETAFE (El Bercial),https://www.crtm.es/8__446___.aspx
8__447___,CRTM,447,MADRID (Legazpi)-GETAFE (Hospital),https://www.crtm.es/8__447___.aspx
8__448___,CRTM,448,MADRID (Legazpi)-GETAFE (Por Villaverde),https://www.crtm.es/8__448___.aspx
8__450___,CRTM,450,GETAFE-LEGANÉS-ALCORCÓN,https://www.crtm.es/8__450___.aspx
8__455___,CRTM,455,PINTO - GETAFE,https://www.crtm.es/8__455___.aspx
8__460___,CRTM,460,MADRID (Plaza Elíptica)-PARLA-BATRES,https://www.crtm.es/8__460___.aspx
8__461___,CRTM,461,MADRID (Plaza Elíptica)-PARLA,https://www.crtm.es/8__461___.aspx
8__462___,CRTM,462,PARLA-GETAFE,https://www.crtm.es/8__462___.aspx
8__463___,CRTM,463,MADRID (Plaza Elíptica)-PARLA-TORREJÓN DE VELASCO,https://www.crtm.es/8__463___.aspx
8__464___,CRTM,464,MADRID (Plaza Elíptica)-PARLA-YUNCLILLOS,https://www.crtm.es/8__464___.aspx
8__466___,CRTM,466,PARLA-VALDEMORO,https://www.crtm.es/8__466___.aspx
8__468___,CRTM,468,GETAFE-GRIÑÓN/CASARRUBUELOS/SERRANILLOS,https://www.crtm.es/8__468___.aspx
8__469___,CRTM,469,MADRID (Plaza Elíptica)-PARLA (Parla Este),https://www.crtm.es/8__469___.aspx
8__470___,CRTM,470,MADRID (Plaza Elíptica) - HUMANES - GRIÑÓN-SERRANILLOS,https://www.crtm.es/8__470___.aspx
8__471___,CRTM,471,HUMANES-FUENLABRADA-PARLA-PINTO,https://www.crtm.es/8__471___.aspx
8__560___,CRTM,560,POZUELO DE ALARCÓN-ALCORCÓN,https://www.crtm.es/8__560___.aspx
8__561___,CRTM,561,MADRID (Aluche)-POZUELO-MAJADAHONDA-LAS ROZAS,https://www.crtm.es/8__561___.aspx
8__561_A__,CRTM,561A,MADRID (Aluche)-POZUELO-MAJADAHONDA-LAS ROZAS (por Universidad),https://www.crtm.es/8__561_A__.aspx
8__561_B__,CRTM,561B,MADRID (Aluche)-POZUELO-MAJADAHONDA-LAS ROZAS (por Avenida Guadarrama),https://www.crtm.es/8__561_B__.aspx
8__562___,CRTM,562,MADRID (Aluche)-POZUELO DE ALARCÓN,https://www.crtm.es/8__562___.aspx
8__563___,CRTM,563,MADRID (Aluche)-POZUELO (Por Urbanización Las Minas),https://www.crtm.es/8__563___.aspx
8__564___,CRTM,564,MADRID (Aluche)-POZUELO (Por Somosaguas Sur),https://www.crtm.es/8__564___.aspx
8__565___,CRTM,565,POZUELO (Estación El Barrial) - BOADILLA (Estación Puerta de Boadilla),https://www.crtm.es/8__565___.aspx
8__566___,CRTM,566,BOADILLA DEL MONTE-POZUELO DE ALARCÓN,https://www.crtm.es/8__566___.aspx
8__567___,CRTM,567,VILLAVICIOSA DE ODÓN-MAJADAHONDA,https://www.crtm.es/8__567___.aspx
8__610___,CRTM,610,TORRELODONES-HOYO DE MANZANARES-COLMENAR VIEJO,https://www.crtm.es/8__610___.aspx
8__611___,CRTM,611,MADRID (Moncloa)-HOYO DE MANZANARES,https://www.crtm.es/8__611___.aspx
8__611_A__,CRTM,611A,MADRID (Moncloa)-HOYO DE MANZANARES (Por Urbanización Las Colinas),https://www.crtm.es/8__611_A__.aspx
8__612___,CRTM,612,MADRID (Moncloa)-TORRELODONES,https://www.crtm.es/8__612___.aspx
8__613___,CRTM,613,MADRID (Moncloa)-TORRELODONES (Por Centro Comercial),https://www.crtm.es/8__613___.aspx
8__650_A__,CRTM,650A,CIRCULAR POZUELO- MAJADAHONDA - POZUELO,https://www.crtm.es/8__650_A__.aspx
8__650_B__,CRTM,650B,CIRCULAR POZUELO- MAJADAHONDA - POZUELO,https://www.crtm.es/8__650_B__.aspx
8__651___,CRTM,651,MADRID (Moncloa)-MAJADAHONDA (Avenida de España),https://www.crtm.es/8__651___.aspx
8__652___,CRTM,652,MADRID (Moncloa)-MAJADAHONDA (Carril del Tejar),https://www.crtm.es/8__652___.aspx
8__653___,CRTM,653,MADRID (Moncloa)-MAJADAHONDA (Hospital) (Por FFCC),https://www.crtm.es/8__653___.aspx
8__654___,CRTM,654,MADRID (Moncloa) - MAJADAHONDA (Urbanización Los Satélites),https://www.crtm.es/8__654___.aspx
8__655___,CRTM,655,MADRID (Moncloa)-MAJADAHONDA (Hospital),https://www.crtm.es/8__655___.aspx
8__656___,CRTM,656,MADRID (Moncloa)-POZUELO DE ALARCÓN,https://www.crtm.es/8__656___.aspx
8__656_A__,CRTM,656A,MADRID (Moncloa)-POZUELO-URB.LA CABAÑA,https://www.crtm.es/8__656_A__.aspx
8__657___,CRTM,657,MADRID (Moncloa)-POZUELO (Monteclaro),https://www.crtm.es/8__657___.aspx
8__657_A__,CRTM,657A,MADRID (Moncloa) - POZUELO (San Juan de la Cruz),https://www.crtm.es/8__657_A__.aspx
8__658___,CRTM,658,MADRID (Moncloa)-POZUELO (Prado Somosaguas-Ciudad de la Imagen),https://www.crtm.es/8__658___.aspx
8__658_A__,CRTM,658A,MADRID (Moncloa) - POZUELO (C.C. LaFinca),https://www.crtm.es/8__658_A__.aspx
8__659___,CRTM,659,MADRID (Moncloa) - Univ. Fco. de Vitoria - El Pinar del Plantío,https://www.crtm.es/8__659___.aspx
8__680___,CRTM,680,COLLADO VILLALBA (Hospital)-CERCEDILLA,https://www.crtm.es/8__680___.aspx
8__681___,CRTM,681,MADRID (Moncloa)-ALPEDRETE,https://www.crtm.es/8__681___.aspx
8__682___,CRTM,682,MADRID (Moncloa)-VILLALBA-GUADARRAMA,https://www.crtm.es/8__682___.aspx
8__683___,CRTM,683,MADRID (Moncloa)-COLLADO MEDIANO,https://www.crtm.es/8__683___.aspx
8__684___,CRTM,684,MADRID (Moncloa)-CERCEDILLA (por Guadarrama),https://www.crtm.es/8__684___.aspx
8__685___,CRTM,685,MAJADAHONDA (Hospital) - LAS ROZAS - GUADARRAMA,https://www.crtm.es/8__685___.aspx
8__686___,CRTM,686,MADRID (Moncloa)-TORRELODONES (Por Los Peñascales),https://www.crtm.es/8__686___.aspx
8__686_A__,CRTM,686A,MADRID (Moncloa)-TORRELODONES (Por Montealegre),https://www.crtm.es/8__686_A__.aspx
8__687___,CRTM,687,MADRID (Moncloa)-COLLADO VILLALBA,https://www.crtm.es/8__687___.aspx
8__688___,CRTM,688,MADRID (Moncloa)-LOS MOLINOS,https://www.crtm.es/8__688___.aspx
8__690___,CRTM,690,GUADARRAMA-COLLADO MEDIANO-NAVACERRADA,https://www.crtm.es/8__690___.aspx
8__691___,CRTM,691,MADRID (Moncloa)-BECERRIL-NAVACERRADA-VALDESQUI,https://www.crtm.es/8__691___.aspx
8__692___,CRTM,692,LOS MOLINOS - CERCEDILLA - VALDESQUÍ,https://www.crtm.es/8__692___.aspx
8__696___,CRTM,696,COLLADO VILLALBA (Hospital)-NAVACERRADA,https://www.crtm.es/8__696___.aspx
8__815___,CRTM,815,MADRID (Estación Chamartín)-POZUELO DE ALARCÓN,https://www.crtm.es/8__815___.aspx
8__822___,CRTM,822,MADRID (Aeropuerto)-COSLADA-SAN FERNANDO DE HENARES,https://www.crtm.es/8__822___.aspx
8_N_203___,CRTM,N203,MADRID (Ciudad Lineal)-COSLADA-S.FERNANDO-VELILLA/LOECHES,https://www.crtm.es/8_N_203___.aspx
8_N_602___,CRTM,N602,MADRID (Moncloa)-COLLADO VILLALBA-GUADARRAMA,https://www.crtm.es/8_N_602___.aspx
8_N_801___,CRTM,N801,MADRID (Atocha)-GETAFE (Buenavista - Sector III),https://www.crtm.es/8_N_801___.aspx
8_N_805___,CRTM,N805,MADRID (Atocha) - GETAFE (Los Molinos),https://www.crtm.es/8_N_805___.aspx
8_N_806___,CRTM,N806,MADRID (Atocha)-PARLA,https://www.crtm.es/8_N_806___.aspx
8_N_807___,CRTM,N807,MADRID (Atocha) - GETAFE - HUMANES - GRIÑÓN,https://www.crtm.es/8_N_807___.aspx
8_N_901___,CRTM,N901,MADRID (Moncloa)-POZUELO-MAJADAHONDA-MADRID,https://www.crtm.es/8_N_901___.aspx
8_N_902___,CRTM,N902,MADRID (Moncloa)-POZUELO (Prado Somosaguas-Ciudad de la Imagen),https://www.crtm.es/8_N_902___.aspx
8_N_906___,CRTM,N906,MADRID (Moncloa)-MAJADAHONDA-POZUELO-MADRID,https://www.crtm.es/8_N_906___.aspx
8__SE71___,CRTM,SE71,AV.MONTSERRAT-EST.SAN FERNANDO,https://www.crtm.es/8__SE71___.aspx
8__SE72___,CRTM,SE72,HOSPITAL DEL HENARES-EST.COSLADA,https://www.crtm.es/8__SE72___.aspx
9__1__080_,CRTM,1,CIRCULAR (Hospital-Estación FFCC),https://www.crtm.es/9__1__080_.aspx
9__1__106_,CRTM,1,CIRCULAR 1,https://www.crtm.es/9__1__106_.aspx
9__1__038_,CRTM,1,HOSPITAL DE LA FUENFRÍA - FF.CC. - INSTITUTO,https://www.crtm.es/9__1__038_.aspx
9__1__130_,CRTM,1,POL. INDUSTRIAL-C.C. SAN FERNANDO,https://www.crtm.es/9__1__130_.aspx
9__1__115_,CRTM,1,POZUELO DE ALARCÓN-URB. LA CABAÑA,https://www.crtm.es/9__1__115_.aspx
9__1__065_,CRTM,1,SECTOR III-AMBULATORIO,https://www.crtm.es/9__1__065_.aspx
9__2__065_,CRTM,2,ARROYO CULEBRO - AMBULATORIO,https://www.crtm.es/9__2__065_.aspx
9__2__049_,CRTM,2,BARRIO DE LA ESTACIÓN-CENTRO DE TRANSPORTES,https://www.crtm.es/9__2__049_.aspx
9__2__080_,CRTM,2,CIRCULAR (Hospital-Estación FFCC),https://www.crtm.es/9__2__080_.aspx
9__2__106_,CRTM,2,CIRCULAR 2,https://www.crtm.es/9__2__106_.aspx
9__2__115_,CRTM,2,CIRCULAR DE POZUELO DE ALARCÓN,https://www.crtm.es/9__2__115_.aspx
9__3__065_,CRTM,3,3 CIRCULAR DE GETAFE,https://www.crtm.es/9__3__065_.aspx
9__3__115_,CRTM,3,CIRCULAR DE POZUELO DE ALARCÓN,https://www.crtm.es/9__3__115_.aspx
9__3__106_,CRTM,3,HOSPITAL-AVENIDA DE AMÉRICA-LAGUNA PARK,https://www.crtm.es/9__3__106_.aspx
9__4__065_,CRTM,4,POL. IND. LOS ÁNGELES - HOSPITAL - PERALES DEL RÍO,https://www.crtm.es/9__4__065_.aspx
9__4__068_,CRTM,4,POLIDEPORTIVO-VALLEFRESNOS/LA SERRANILLA,https://www.crtm.es/9__4__068_.aspx
9__5__065_,CRTM,5,BUENAVISTA - SECTOR III,https://www.crtm.es/9__5__065_.aspx
9__6__065_,CRTM,6,HOSPITAL - SAN ISIDRO,https://www.crtm.es/9__6__065_.aspx
9__7__065_,CRTM,7,7 CIRCULAR GETAFE CENTRAL - TECNOGETAFE,https://www.crtm.es/9__7__065_.aspx
9__PI1__065_,CRTM,PI1,GETAFE CENTRAL - P.I. LOS ANGELES - P.I. LOS OLIVOS,https://www.crtm.es/9__PI1__065_.aspx
9__PI2__065_,CRTM,PI2,GETAFE CENTRAL-P.I. SAN MARCOS-P.I. EL LOMO-P.E. LA CARPETANÍA,https://www.crtm.es/9__PI2__065_.aspx
9__SE__065_,CRTM,SE,SE ACAR - NAVIDALIA,https://www.crtm.es/9__SE__065_.aspx
8__551___,CRTM,551,MADRID (Cuatro Vientos)-SAN MARTÍN DE VALDEIGLESIAS-EL TIEMBLO/CEBREROS,https://www.crtm.es/8__551___.aspx
8__510___,CRTM,510,ALCORCÓN-VILLAVICIOSA-EL BOSQUE,https://www.crtm.es/8__510___.aspx
8__510_A__,CRTM,510A,MADRID (Colonia Jardín) - VILLAVICIOSA DE ODÓN,https://www.crtm.es/8__510_A__.aspx
8__510_B__,CRTM,510B,ALCORCÓN (Alcorcón Central) - VILLAVICIOSA DE ODÓN (Universidad Europea),https://www.crtm.es/8__510_B__.aspx
8__511___,CRTM,511,MADRID (Cuatro Vientos)-ALCORCÓN (Por Parque Lisboa),https://www.crtm.es/8__511___.aspx
8__512___,CRTM,512,MADRID (Cuatro Vientos)-ALCORCÓN (Por C. de los Cantos),https://www.crtm.es/8__512___.aspx
8__513___,CRTM,513,MADRID (Cuatro Vientos)-ALCORCÓN (P.I. Urtinsa),https://www.crtm.es/8__513___.aspx
8__514___,CRTM,514,MADRID (Cuatro Vientos) - ALCORCÓN (por Los Castillos),https://www.crtm.es/8__514___.aspx
8__516___,CRTM,516,MADRID (Cuatro Vientos)-ALCORCÓN (Por Universidad Rey Juan Carlos),https://www.crtm.es/8__516___.aspx
8__517___,CRTM,517,MADRID (Cuatro Vientos) - ALCORCÓN (Fuente Cisneros),https://www.crtm.es/8__517___.aspx
8__518___,CRTM,518,MADRID (Cuatro Vientos) - VILLAVICIOSA DE ODÓN,https://www.crtm.es/8__518___.aspx
8__519___,CRTM,519,MÓSTOLES-VILLAVICIOSA DE ODÓN,https://www.crtm.es/8__519___.aspx
8__519_A__,CRTM,519A,MÓSTOLES (Hospital Rey Juan Carlos) por El Soto-VILLAVICIOSA DE ODÓN (El Bosque),https://www.crtm.es/8__519_A__.aspx
8__520___,CRTM,520,ALCORCÓN-MÓSTOLES,https://www.crtm.es/8__520___.aspx
8__521___,CRTM,521,MADRID (Cuatro Vientos)-MÓSTOLES,https://www.crtm.es/8__521___.aspx
8__522___,CRTM,522,MADRID (Cuatro Vientos)-MÓSTOLES (Por Pistas DGT),https://www.crtm.es/8__522___.aspx
8__523___,CRTM,523,MADRID (Cuatro Vientos)-MÓSTOLES (Villafontana),https://www.crtm.es/8__523___.aspx
8__524___,CRTM,524,MADRID (Cuatro Vientos) - MÓSTOLES SUR,https://www.crtm.es/8__524___.aspx
8__525___,CRTM,525,MADRID (Cuatro Vientos)-MÓSTOLES SUR (Por AvenidaOnu),https://www.crtm.es/8__525___.aspx
8__526___,CRTM,526,FUENLABRADA - MÓSTOLES (Por FF.CC),https://www.crtm.es/8__526___.aspx
8__527___,CRTM,527,MÓSTOLES (Estación FFCC)-FUENLABRADA (Urbanización Loranca),https://www.crtm.es/8__527___.aspx
8__528___,CRTM,528,MADRID (Cuatro Vientos)-NAVALCARNERO,https://www.crtm.es/8__528___.aspx
8__529___,CRTM,529,MÓSTOLES (Hospital Rey Juan Carlos)-NAVALCARNERO-EL ÁLAMO,https://www.crtm.es/8__529___.aspx
8__529_A__,CRTM,529A,MÓSTOLES (Hospital Rey Juan Carlos)-NAVALCARNERO-BATRES,https://www.crtm.es/8__529_A__.aspx
8__529_H__,CRTM,529H,MÓSTOLES (Hospital Rey Juan Carlos) - NAVALCARNERO,https://www.crtm.es/8__529_H__.aspx
8__530___,CRTM,530,NAVALCARNERO-VILLANUEVA DE LA CAÑADA,https://www.crtm.es/8__530___.aspx
8__531___,CRTM,531,MÓSTOLES (Hospital Rey Juan Carlos)-NAVALCARNERO-SEVILLA LA NUEVA,https://www.crtm.es/8__531___.aspx
8__531_A__,CRTM,531A,MÓSTOLES (Hospital Rey Juan Carlos)-NAVALCARNERO-VILLAMANTILLA,https://www.crtm.es/8__531_A__.aspx
8__532___,CRTM,532,MADRID (Colonia Jardín)-SEVILLA LA NUEVA,https://www.crtm.es/8__532___.aspx
8__534___,CRTM,534,MADRID (Cuatro Vientos)-URB. PARQUE COIMBRA-XANADÚ,https://www.crtm.es/8__534___.aspx
8__538___,CRTM,538,MADRID (Cuatro Vientos) - NAVALCARNERO (La Dehesa),https://www.crtm.es/8__538___.aspx
8__539___,CRTM,539,MADRID (Cuatro Vientos)-EL ÁLAMO,https://www.crtm.es/8__539___.aspx
8_N_501___,CRTM,N501,MADRID (Príncipe Pío)-ALCORCÓN-MÓSTOLES,https://www.crtm.es/8_N_501___.aspx
8_N_502___,CRTM,N502,MADRID (Príncipe Pío)-ALCORCÓN,https://www.crtm.es/8_N_502___.aspx
8_N_503___,CRTM,N503,MADRID (Príncipe Pío)-MÓSTOLES (Villafontana),https://www.crtm.es/8_N_503___.aspx
8_N_504___,CRTM,N504,MADRID (Príncipe Pío)-VILLAVICIOSA DE ODÓN,https://www.crtm.es/8_N_504___.aspx
8_N_505___,CRTM,N505,MADRID (Príncipe Pío) - NAVALCARNERO - EL ÁLAMO,https://www.crtm.es/8_N_505___.aspx
9__1__096_,CRTM,1,LA DEHESA-EL PINAR,https://www.crtm.es/9__1__096_.aspx
9__1__092_,CRTM,1,LAS CUMBRES-ESTACIÓN FFCC,https://www.crtm.es/9__1__092_.aspx
9__1__007_,CRTM,1,PUERTA DEL SUR - FUENTE CISNEROS,https://www.crtm.es/9__1__007_.aspx
9__2__092_,CRTM,2,MÓSTOLES (Pradillo)-CEMENTERIO,https://www.crtm.es/9__2__092_.aspx
9__2__007_,CRTM,2,ONDARRETA-PRADO STO DOMINGO,https://www.crtm.es/9__2__007_.aspx
9__3__007_,CRTM,3,ALCORCÓN CENTRAL - PARQUE EL LUCERO,https://www.crtm.es/9__3__007_.aspx
9__3__092_,CRTM,3,POLÍGONO INDUSTRIAL LAS NIEVES-MÓSTOLES PRADILLO,https://www.crtm.es/9__3__092_.aspx
9__4__092_,CRTM,4,MÓSTOLES SUR - MÓSTOLES (HOSPITAL REY JUAN CARLOS),https://www.crtm.es/9__4__092_.aspx
9__5__092_,CRTM,5,MOSTOLES (Estación FF.CC.) - PARQUE COIMBRA,https://www.crtm.es/9__5__092_.aspx
9__6__092_,CRTM,6,UNIVERSIDAD REY JUAN CARLOS-URB. P.GUADARRAMA,https://www.crtm.es/9__6__092_.aspx
8__151___,CRTM,151,MADRID (Plaza de Castilla) - ALCOBENDAS,https://www.crtm.es/8__151___.aspx
8__152_C__,CRTM,152C,MADRID (Plaza de Castilla)-S.S. DE LOS REYES (Dehesa Vieja),https://www.crtm.es/8__152_C__.aspx
8__153___,CRTM,153,MADRID (Plaza de Castilla)-ALCOBENDAS-ROSA LUXEMBURGO,https://www.crtm.es/8__153___.aspx
8__154___,CRTM,154,MADRID (Chamartín)-S.S. REYES CIRCULAR (Por Fuencarral),https://www.crtm.es/8__154___.aspx
8__154_C__,CRTM,154C,MADRID (Plaza de Castilla)-S.S. DE LOS REYES (Avenida de los Quiñones),https://www.crtm.es/8__154_C__.aspx
8__155___,CRTM,155,MADRID (Plaza de Castilla)-EL SOTO DE LA MORALEJA,https://www.crtm.es/8__155___.aspx
8__155_B__,CRTM,155B,MADRID (Plaza de Castilla)-EL ENCINAR DE LOS REYES,https://www.crtm.es/8__155_B__.aspx
8__156___,CRTM,156,MADRID (Plaza de Castilla)-S.S. DE LOS REYES (P.I. Moscatelares),https://www.crtm.es/8__156___.aspx
8__157___,CRTM,157,MADRID (Plaza de Castilla)-ALCOBENDAS (P.Chopera),https://www.crtm.es/8__157___.aspx
8__157_C__,CRTM,157C,MADRID (Plaza de Castilla)-ALCOBENDAS (Valdelasfuentes),https://www.crtm.es/8__157_C__.aspx
8__158___,CRTM,158,MADRID (Pinar de Chamartín) - SAN SEBASTIÁN DE LOS REYES (Tempranales),https://www.crtm.es/8__158___.aspx
8__159___,CRTM,159,Madrid (Plaza Castilla)-ALCOBENDAS (El Juncal),https://www.crtm.es/8__159___.aspx
8__161___,CRTM,161,MADRID (Plaza de Castilla)-URB. FUENTE DEL FRESNO,https://www.crtm.es/8__161___.aspx
8__166___,CRTM,166,SAN SEBASTIAN DE LOS REYES - URBANIZACION VALDELAGUA,https://www.crtm.es/8__166___.aspx
8__180___,CRTM,180,ALCOBENDAS-ALGETE,https://www.crtm.es/8__180___.aspx
8__181___,CRTM,181,MADRID (Plaza de Castilla)-ALGETE,https://www.crtm.es/8__181___.aspx
8__182___,CRTM,182,MADRID (Plaza de Castilla)-ALGETE-VALDEOLMOS,https://www.crtm.es/8__182___.aspx
8__183___,CRTM,183,MADRID (Plaza de Castilla)-COBEÑA-ALGETE,https://www.crtm.es/8__183___.aspx
8__184___,CRTM,184,MADRID (Plaza de Castilla)-EL CASAR,https://www.crtm.es/8__184___.aspx
8__185___,CRTM,185,MADRID (Plaza de Castilla)-NUEVO ALGETE,https://www.crtm.es/8__185___.aspx
8__263___,CRTM,263,MADRID (Barajas)-COBEÑA-ALGETE,https://www.crtm.es/8__263___.aspx
8__720___,CRTM,720,COLMENAR VIEJO (Estación FF.CC.) - COLLADO VILLALBA,https://www.crtm.es/8__720___.aspx
8__721___,CRTM,721,MADRID (Plaza de Castilla)-COLMENAR VIEJO,https://www.crtm.es/8__721___.aspx
8__722___,CRTM,722,MADRID (Plaza de Castilla) - COLMENAR VIEJO (Navallar),https://www.crtm.es/8__722___.aspx
8__723___,CRTM,723,COLMENAR VIEJO-TRES CANTOS,https://www.crtm.es/8__723___.aspx
8__724___,CRTM,724,MADRID (Plaza de Castilla)-MANZANARES-EL BOALO,https://www.crtm.es/8__724___.aspx
8__725___,CRTM,725,MADRID (Plaza de Castilla)-MIRAFLORES-BUSTARVIEJO-VALDEMANCO,https://www.crtm.es/8__725___.aspx
8__726___,CRTM,726,MADRID (Plaza de Castilla)-GUADALIX-NAVALAFUENTE,https://www.crtm.es/8__726___.aspx
8__727___,CRTM,727,COLMENAR VIEJO-SAN AGUSTÍN DEL GUADALIX,https://www.crtm.es/8__727___.aspx
8__728___,CRTM,728,EST. COLMENAR - SOTO DEL REAL - MANZANARES EL REAL,https://www.crtm.es/8__728___.aspx
8_N_101___,CRTM,N101,MADRID (Plaza de Castilla)-ALCOBENDAS,https://www.crtm.es/8_N_101___.aspx
8_N_102___,CRTM,N102,MADRID (Plaza de Castilla)-S.S. DE LOS REYES,https://www.crtm.es/8_N_102___.aspx
8_N_103___,CRTM,N103,MADRID (Plaza de Castilla)-ALGETE,https://www.crtm.es/8_N_103___.aspx
8_N_702___,CRTM,N702,MADRID (Plaza de Castilla)-COLMENAR VIEJO,https://www.crtm.es/8_N_702___.aspx
9__1__045_,CRTM,1,EST. COMENAR VIEJO - LAS ADELFILLAS,https://www.crtm.es/9__1__045_.aspx
9__2__045_,CRTM,2,EST. COLMENAR VIEJO - AV. REMEDIOS,https://www.crtm.es/9__2__045_.aspx
9__4__134_,CRTM,4,POLIDEPORTIVO-MOSCATELARES,https://www.crtm.es/9__4__134_.aspx
9__5__006_,CRTM,5,S. S. DE LOS REYES-ALCOBENDAS-SOTO MORALEJA,https://www.crtm.es/9__5__006_.aspx
9__6__006_,CRTM,6,ESTACIÓN FFCC VALDELASFUENTES-POLG. INDUSTRIAL,https://www.crtm.es/9__6__006_.aspx
9__7__134_,CRTM,7,ESTACIÓN FFCC-POLÍGONOS-ESTACIÓN FFCC,https://www.crtm.es/9__7__134_.aspx
9__9__006_,CRTM,9,ESTACIÓN FFCC-ARROYO DE LA VEGA,https://www.crtm.es/9__9__006_.aspx
9__10__006_,CRTM,10,CIRCULAR DE ALCOBENDAS,https://www.crtm.es/9__10__006_.aspx
9__11__006_,CRTM,11,CIRCULAR DE ALCOBENDAS,https://www.crtm.es/9__11__006_.aspx
9__I1__009_,CRTM,I1,INSTITUTO ALGETE,https://www.crtm.es/9__I1__009_.aspx
8__541___,CRTM,541,MADRID (Plaza Elíptica)-VILLAMANTA-LA TORRE DE E. HAMBRAN,https://www.crtm.es/8__541___.aspx
8__545___,CRTM,545,MADRID (Plaza Elíptica)-CENICIENTOS-SOTILLO DE LA ADRADA,https://www.crtm.es/8__545___.aspx
8__546___,CRTM,546,MADRID (Plaza Elíptica)-ROZAS DE PUERTO REAL-CASILLAS,https://www.crtm.es/8__546___.aspx
8__547___,CRTM,547,MADRID (Plaza Elíptica)-V.DEL PRADO-ALMOROX-ALDEA EN CABO,https://www.crtm.es/8__547___.aspx
8__548___,CRTM,548,MADRID (Plaza Elíptica)-ALDEA DEL FRESNO-CALALBERCHE,https://www.crtm.es/8__548___.aspx
8__641___,CRTM,641,MADRID (Moncloa)-VALDEMORILLO,https://www.crtm.es/8__641___.aspx
8__642___,CRTM,642,MADRID (Moncloa)-COLMENAR DEL ARROYO,https://www.crtm.es/8__642___.aspx
8__643___,CRTM,643,MADRID (Moncloa)-VILLANUEVA DEL PARDILLO,https://www.crtm.es/8__643___.aspx
8__FS1___,CRTM,FS1,LAS ROZAS (Centros Comerciales) - VALDEMORILLO,https://www.crtm.es/8__FS1___.aspx
8_N_908___,CRTM,N908,MADRID (Moncloa)-VILLANUEVA DEL PARDILLO-VALDEMORILLO,https://www.crtm.es/8_N_908___.aspx
8__630___,CRTM,630,VILLALBA (Estación)-GALAPAGAR-COLMENAREJO-VALDEMORILLO,https://www.crtm.es/8__630___.aspx
8__631___,CRTM,631,MADRID (Moncloa)-TORRELODONES (Colonia)-GALAPAGAR-COLMENAREJO,https://www.crtm.es/8__631___.aspx
8__632___,CRTM,632,MADRID (Moncloa)-LA NAVATA-GALAPAGAR-EL GUIJO,https://www.crtm.es/8__632___.aspx
8__633___,CRTM,633,MAJADAHONDA (Hospital)-TORRELODONES (Colonia)-GALAPAGAR-COLMENAREJO,https://www.crtm.es/8__633___.aspx
8__634___,CRTM,634,COLMENAREJO - GALAPAGAR - EST. LA NAVATA,https://www.crtm.es/8__634___.aspx
8__635___,CRTM,635,MADRID (Moncloa)-TORRELODONES (Colonia)-LA NAVATA-GALAPAGAR,https://www.crtm.es/8__635___.aspx
8_N_904___,CRTM,N904,MADRID (Moncloa)-TORRELODONES (Colonia)-GALAPAGAR-COLMENAREJO,https://www.crtm.es/8_N_904___.aspx
9__1__152_,CRTM,1,FFCC-PUEBLO-ÁREA HOMOGÉNEA SUR,https://www.crtm.es/9__1__152_.aspx
9__2__152_,CRTM,2,FFCC-AVENIDA DEHESA-LOS ROBLES,https://www.crtm.es/9__2__152_.aspx
9__4__152_,CRTM,4,FFCC-PUEBLO-LOS PEÑASCALES,https://www.crtm.es/9__4__152_.aspx
9__5__152_,CRTM,5,FFCC-PUEBLO-LOS PEÑASCALES (Por Pº Joaquín Ruiz J.),https://www.crtm.es/9__5__152_.aspx
9__SE6__152_,CRTM,SE6,EST. TORRELODONES-URB LAS MARÍAS,https://www.crtm.es/9__SE6__152_.aspx
8__271___,CRTM,271,ALCALÁ DE HENARES-PEZUELA-PIOZ,https://www.crtm.es/8__271___.aspx
8__272___,CRTM,272,ALCALÁ DE HENARES-VILLALBILLA,https://www.crtm.es/8__272___.aspx
8__275___,CRTM,275,ALCALÁ-LOS SANTOS DE LA HUMOSA-ALCALÁ,https://www.crtm.es/8__275___.aspx
8_N_200___,CRTM,N200,ALCALÁ DE HENARES - VILLALBILLA - ALCALÁ DE HENARES,https://www.crtm.es/8_N_200___.aspx
9__2__005_,CRTM,2,PUERTA DE SANTA ANA - HOSPITAL/UNIVERSIDAD,https://www.crtm.es/9__2__005_.aspx
9__3__005_,CRTM,3,CUATRO CAÑOS - HOSPITAL/UNIVERSIDAD - ESPARTALES,https://www.crtm.es/9__3__005_.aspx
9__5__005_,CRTM,5,PLAZA DE LA PAZ - NUEVA RINCONADA,https://www.crtm.es/9__5__005_.aspx
9__6__005_,CRTM,6,EST. LA GARENA - VIRGEN DEL VAL,https://www.crtm.es/9__6__005_.aspx
9__7__005_,CRTM,7,ENSANCHE NORTE - NUEVA ALCALÁ / CEMENTERIO JARDÍN,https://www.crtm.es/9__7__005_.aspx
9__8__005_,CRTM,8,LOS NOGALES - VIRGEN DEL VAL,https://www.crtm.es/9__8__005_.aspx
9__9__005_,CRTM,9,EST. ALCALÁ DE HENARES - EL OLIVAR /POLÍGONO CAMPORROSO,https://www.crtm.es/9__9__005_.aspx
9__10__005_,CRTM,10,VIA COMPLUTENSE CENTRO - ESPARTALES NORTE,https://www.crtm.es/9__10__005_.aspx
9__11__005_,CRTM,11,LA GARENA - EST. ALCALÁ UNIVERSIDAD,https://www.crtm.es/9__11__005_.aspx
9__1_A_005_,CRTM,1A,CIRCULAR ALCALÁ DE HENARES,https://www.crtm.es/9__1_A_005_.aspx
9__1_B_005_,CRTM,1B,CIRCULAR ALCALÁ DE HENARES,https://www.crtm.es/9__1_B_005_.aspx
8__827___,CRTM,827,MADRID (Canillejas)-ALCOBENDAS-UNIVERSIDAD AUTÓNOMA-TRES CANTOS,https://www.crtm.es/8__827___.aspx
8__827_A__,CRTM,827A,ALCOBENDAS-S. S. DE LOS REYES-UNIV. AUTÓNOMA,https://www.crtm.es/8__827_A__.aspx
8__828___,CRTM,828,MADRID (Canillejas)-ALCOBENDAS-UNIVERSIDAD AUTÓNOMA,https://www.crtm.es/8__828___.aspx
9__1__006_,CRTM,1,ARROYO DE LA VEGA-EL SOTO-LA MORALEJA,https://www.crtm.es/9__1__006_.aspx
9__2__006_,CRTM,2,ALCOBENDAS-LA MORALEJA,https://www.crtm.es/9__2__006_.aspx
9__3__006_,CRTM,3,ARROYO DE LA VEGA-SOTO DE LA MORALEJA-EL ENCINAR DE LOS REYES,https://www.crtm.es/9__3__006_.aspx
8__480___,CRTM,480,MADRID (Plaza Elíptica)-LEGANÉS (Estación FFCC),https://www.crtm.es/8__480___.aspx
8__481___,CRTM,481,MADRID (Oporto)-LEGANÉS (Parquesur-Hospital),https://www.crtm.es/8__481___.aspx
8__482___,CRTM,482,MADRID (Aluche) - LEGANÉS (Arroyo Culebro),https://www.crtm.es/8__482___.aspx
8__483___,CRTM,483,MADRID (Aluche)-LEGANÉS (Vereda de los Estudiantes),https://www.crtm.es/8__483___.aspx
8__484___,CRTM,484,MADRID (Oporto)-LEGANÉS (Estación FFCC),https://www.crtm.es/8__484___.aspx
8__485___,CRTM,485,MADRID (Aluche)-LEGANÉS (Norte-Montepinos),https://www.crtm.es/8__485___.aspx
8__486___,CRTM,486,MADRID (Oporto)-LEGANÉS (Valdepelayo),https://www.crtm.es/8__486___.aspx
8__487___,CRTM,487,MADRID (Aluche)-LEGANÉS (San Nicasio),https://www.crtm.es/8__487___.aspx
8__488___,CRTM,488,LEGANÉS (San Nicasio)-GETAFE (Getafe Norte),https://www.crtm.es/8__488___.aspx
8__491___,CRTM,491,MADRID (Aluche)-FUENLABRADA (Bº Naranjo),https://www.crtm.es/8__491___.aspx
8__492___,CRTM,492,MADRID (Aluche)-FUENLABRADA (P. Granada),https://www.crtm.es/8__492___.aspx
8__493___,CRTM,493,MADRID (Aluche)-FUENLABRADA (Urbanización Loranca),https://www.crtm.es/8__493___.aspx
8__495___,CRTM,495,MADRID (Cuatro Vientos)-ARROYOMOLINOS-MORALEJA DE ENMEDIO,https://www.crtm.es/8__495___.aspx
8__496___,CRTM,496,FUENLABRADA-MORALEJA DE ENMEDIO-ARROYOMOLINOS (Xanadú),https://www.crtm.es/8__496___.aspx
8__497___,CRTM,497,LEGANÉS (Parque Sur)-MORALEJA DE ENMEDIO (Las Colinas),https://www.crtm.es/8__497___.aspx
8__498___,CRTM,498,MÓSTOLES - ARROYOMOLINOS - MORALEJA DE ENMEDIO,https://www.crtm.es/8__498___.aspx
8__498_A__,CRTM,498A,MÓSTOLES (Móstoles - Central) - ARROYOMOLINOS (Parque de Nieve),https://www.crtm.es/8__498_A__.aspx
8__499___,CRTM,499,MÓSTOLES-ARROYOMOLINOS,https://www.crtm.es/8__499___.aspx
8_N_802___,CRTM,N802,MADRID (Atocha) - LEGANÉS (Vereda de los Estudiantes),https://www.crtm.es/8_N_802___.aspx
8_N_803___,CRTM,N803,MADRID (Atocha) - FUENLABRADA (Bº Naranjo),https://www.crtm.es/8_N_803___.aspx
8_N_804___,CRTM,N804,MADRID (Atocha) - FUENLABRADA,https://www.crtm.es/8_N_804___.aspx
8_N_808___,CRTM,N808,MADRID (Príncipe Pío)-ARROYOMOLINOS,https://www.crtm.es/8_N_808___.aspx
9__1__074_,CRTM,1,CIRCULAR VEREDA DE LOS ESTUDIANTES-LA FORTUNA,https://www.crtm.es/9__1__074_.aspx
9__1_A_015_,CRTM,1A,CIRCULAR ARROYOMOLINOS,https://www.crtm.es/9__1_A_015_.aspx
9__1_B_015_,CRTM,1B,CIRCULAR ARROYOMOLINOS,https://www.crtm.es/9__1_B_015_.aspx
8__580___,CRTM,580,MAJADAHONDA(Hospital)-BRUNETE,https://www.crtm.es/8__580___.aspx
8__581___,CRTM,581,MADRID (Cuatro Vientos)-BRUNETE-QUIJORNA,https://www.crtm.es/8__581___.aspx
8__620___,CRTM,620,LAS MATAS-HOSPITAL PUERTA DE HIERRO,https://www.crtm.es/8__620___.aspx
8__621___,CRTM,621,MADRID (Moncloa)-LAS ROZAS,https://www.crtm.es/8__621___.aspx
8__622___,CRTM,622,MADRID (Moncloa)-LAS ROZAS-LAS MATAS,https://www.crtm.es/8__622___.aspx
8__623___,CRTM,623,MADRID (Moncloa)-LAS ROZAS-URB.VILLAFRANCA DEL CASTILLO,https://www.crtm.es/8__623___.aspx
8__624___,CRTM,624,MADRID (Moncloa)-COL.VERACRUZ-LAS ROZAS,https://www.crtm.es/8__624___.aspx
8__624_A__,CRTM,624A,MADRID (Moncloa) - LAS ROZAS (La Marazuela),https://www.crtm.es/8__624_A__.aspx
8__625___,CRTM,625,MADRID (Moncloa)-MONTE ROZAS,https://www.crtm.es/8__625___.aspx
8__626___,CRTM,626,LAS ROZAS-MAJADAHONDA-VILLANUEVA DE LA CAÑADA,https://www.crtm.es/8__626___.aspx
8__626_A__,CRTM,626A,MAJADAHONDA (Estación FFCC)-VILLANUEVA DEL PARDILLO,https://www.crtm.es/8__626_A__.aspx
8__627___,CRTM,627,MADRID (Moncloa)-VILLANUEVA DE LA CAÑADA-BRUNETE,https://www.crtm.es/8__627___.aspx
8__628___,CRTM,628,MADRID (Moncloa)-P.EMPRESARIAL-EL CANTIZAL,https://www.crtm.es/8__628___.aspx
8__629___,CRTM,629,MADRID (Moncloa)-LAS ROZAS (Parque Empresarial),https://www.crtm.es/8__629___.aspx
8_N_903___,CRTM,N903,MADRID (Moncloa)-LAS ROZAS-MONTE ROZAS,https://www.crtm.es/8_N_903___.aspx
8_N_907___,CRTM,N907,MADRID (Moncloa)-VILLANUEVA DE LA CAÑADA-BRUNETE,https://www.crtm.es/8_N_907___.aspx
9__1__127_,CRTM,1,LAS ROZAS-URBANIZACIÓN MOLINO DE LA HOZ,https://www.crtm.es/9__1__127_.aspx
9__2__127_,CRTM,2,LAS ROZAS - MONTE ROZAS - EL ENCINAR,https://www.crtm.es/9__2__127_.aspx
8__350_A__,CRTM,350A,ARGANDA (Hospital)-ESTREMERA,https://www.crtm.es/8__350_A__.aspx
8__350_B__,CRTM,350B,ARGANDA (Hospital) - VILLAREJO - VILLAMANRIQUE DE TAJO,https://www.crtm.es/8__350_B__.aspx
8__350_C__,CRTM,350C,ARGANDA (Hospital) - BELMONTE,https://www.crtm.es/8__350_C__.aspx
8__351___,CRTM,351,MADRID (Estación Sur)-ESTREMERA-BARAJAS DE MELO,https://www.crtm.es/8__351___.aspx
8__352___,CRTM,352,MADRID (Estación Sur)-FUENTIDUEÑA-TARANCÓN,https://www.crtm.es/8__352___.aspx
8__353___,CRTM,353,MADRID (Estación Sur)-VILLAMANRIQUE-STA.CRUZ,https://www.crtm.es/8__353___.aspx
8__355___,CRTM,355,FUENTIDUEÑA DE TAJO-CENTRO PENITENCIARIO-ESTREMERA,https://www.crtm.es/8__355___.aspx
8__330___,CRTM,330,RIVAS-ARGANDA (Hospital)-MORATA,https://www.crtm.es/8__330___.aspx
8__331___,CRTM,331,MADRID (Méndez Álvaro)-RIVAS (Sta. Mónica)-RIVAS FUTURA,https://www.crtm.es/8__331___.aspx
8__332___,CRTM,332,MADRID (Méndez Álvaro)-RIVAS PUEBLO,https://www.crtm.es/8__332___.aspx
8__333___,CRTM,333,Madrid (Méndez Álvaro) - Rivas (Bellavista),https://www.crtm.es/8__333___.aspx
8__334___,CRTM,334,MADRID (Méndez Álvaro)- RIVAS FUTURA,https://www.crtm.es/8__334___.aspx
8__336___,CRTM,336,MADRID (Pavones)-MORATA DE TAJUÑA,https://www.crtm.es/8__336___.aspx
8__337___,CRTM,337,MADRID (Pavones)-CHINCHÓN-VALDELAGUNA,https://www.crtm.es/8__337___.aspx
8__339___,CRTM,339,MADRID (Sierra de Guadalupe)-VALDEMINGÓMEZ,https://www.crtm.es/8__339___.aspx
8__410___,CRTM,410,ARANJUEZ-CIEMPOZUELOS-SAN MARTÍN DE LA VEGA,https://www.crtm.es/8__410___.aspx
8__411___,CRTM,411,MADRID (Legazpi) - PERALES DEL RÍO,https://www.crtm.es/8__411___.aspx
8__412___,CRTM,412,MADRID (Villaverde Bajo-Cruce)-SAN MARTÍN DE LA VEGA,https://www.crtm.es/8__412___.aspx
8__413___,CRTM,413,PINTO (FFCC)-SAN MARTÍN DE LA VEGA,https://www.crtm.es/8__413___.aspx
8__414___,CRTM,414,MADRID (Villaverde Bajo-Cruce)-C.P. MADRID III,https://www.crtm.es/8__414___.aspx
8__415___,CRTM,415,MADRID (Villaverde Bajo-Cruce)-VILLACONEJOS,https://www.crtm.es/8__415___.aspx
8__416___,CRTM,416,VALDEMORO (Hosp.)-S. M. DE LA VEGA-TITULCIA-COLMENAR DE OREJA,https://www.crtm.es/8__416___.aspx
8_N_301___,CRTM,N301,MADRID (Atocha) - RIVAS (Covibar) - RIVAS FUTURA,https://www.crtm.es/8_N_301___.aspx
8_N_302___,CRTM,N302,MADRID (Atocha) - RIVAS PUEBLO,https://www.crtm.es/8_N_302___.aspx
8_N_403___,CRTM,N403,MADRID (Atocha)-SAN MARTÍN DE LA VEGA,https://www.crtm.es/8_N_403___.aspx
9__1__123_,CRTM,1,BARRIO DE LA LUNA - RIVAS PUEBLO,https://www.crtm.es/9__1__123_.aspx
9__1__132_,CRTM,1,CIRCULAR SAN MARTIN DE LA VEGA,https://www.crtm.es/9__1__132_.aspx
9_i_1__132_,CRTM,i1,RUTAS INSTITUTOS,https://www.crtm.es/9_i_1__132_.aspx
8__571___,CRTM,571,MADRID (Aluche)-BOADILLA (Por Urbanización Montepríncipe),https://www.crtm.es/8__571___.aspx
8__572___,CRTM,572,MADRID (Aluche)-CIUDAD DE LA IMAGEN,https://www.crtm.es/8__572___.aspx
8__573___,CRTM,573,MADRID (Moncloa)-BOADILLA (por Urbanización Montepríncipe),https://www.crtm.es/8__573___.aspx
8__574___,CRTM,574,MADRID (Aluche)-BOADILLA DEL MONTE (Por Ciudad Financiera),https://www.crtm.es/8__574___.aspx
8__575___,CRTM,575,BOADILLA DEL MONTE-BRUNETE,https://www.crtm.es/8__575___.aspx
8__591___,CRTM,591,MADRID (Aluche) - ETSI Informáticos,https://www.crtm.es/8__591___.aspx
8__865___,CRTM,865,MADRID (Moncloa) - CAMPUS UPM MONTEGANCEDO,https://www.crtm.es/8__865___.aspx
8_N_905___,CRTM,N905,MADRID (Moncloa)-BOADILLA DEL MONTE,https://www.crtm.es/8_N_905___.aspx
9__1__022_,CRTM,1,PASEO DE MADRID-OLIVAR-PARQUE-LAS LOMAS,https://www.crtm.es/9__1__022_.aspx
9__2__022_,CRTM,2,FERIAL DE BOADILLA-VALDEPASTORES-LAS LOMAS,https://www.crtm.es/9__2__022_.aspx
9__3__022_,CRTM,3,FERIAL DE BOADILLA-VALDECABAÑAS-BONANZA,https://www.crtm.es/9__3__022_.aspx
9__4__022_,CRTM,4,BOADILLA CENTRO - EL PASTEL,https://www.crtm.es/9__4__022_.aspx
